areas,areas-href,coordinates
Darkside Corridor,https://www.mountainproject.com/area/124063085/darkside-corridor,"36.15409, -115.435"
USS Crag,https://www.mountainproject.com/area/106475229/uss-crag,"36.15345, -115.43422"
Midway Crag,https://www.mountainproject.com/area/124773481/midway-crag,"36.16273, -115.43674"
Pet Rock,https://www.mountainproject.com/area/106249711/pet-rock,"36.15659, -115.43674"
Climb Bomb,https://www.mountainproject.com/area/123971894/climb-bomb,"36.14658, -115.42697"
Computer Virus Wall,https://www.mountainproject.com/area/115356807/computer-virus-wall,"36.16567, -115.44248"
Monument,https://www.mountainproject.com/area/105732084/the-monument,"36.03897, -115.46096"
Americrag,https://www.mountainproject.com/area/116759616/americrag,"36.16255, -115.44613"
COVID Crag,https://www.mountainproject.com/area/122238084/the-covid-crag,"36.16908, -115.45503"
Common Time,https://www.mountainproject.com/area/106736239/common-time,"36.16721, -115.45486"
Out of Control Area,https://www.mountainproject.com/area/105888705/out-of-control-area,"36.12527, -115.49419"
Sunnyside Crags,https://www.mountainproject.com/area/105732147/sunnyside-crags,"36.145, -115.49403"
Dickies Cliff,https://www.mountainproject.com/area/105732135/dickies-cliff,"36.15163, -115.42827"
Overlook,https://www.mountainproject.com/area/116744282/the-overlook,"36.16059, -115.43522"
Trundle Wall,https://www.mountainproject.com/area/106585731/trundle-wall,"36.15229, -115.43253"
Graduate Cliff,https://www.mountainproject.com/area/105732171/graduate-cliff,"36.15766, -115.49941"
Salt Factory,https://www.mountainproject.com/area/108975654/the-salt-factory,"36.17081, -115.45324"
Shit Howdy,https://www.mountainproject.com/area/105917160/shit-howdy,"36.14814, -115.42544"
Great Red Roof Area,https://www.mountainproject.com/area/105973726/great-red-roof-area,"36.15021, -115.42965"
Broast & Toast Wall,https://www.mountainproject.com/area/107378193/broast-and-toast-wall,"36.16635, -115.45305"
Vaya con Queso,https://www.mountainproject.com/area/110127324/vaya-con-queso,"36.17209, -115.45449"
CarlyQuinn Crag,https://www.mountainproject.com/area/120563589/the-carlyquinn-crag,"36.14475, -115.42653"
Velvet Elvis,https://www.mountainproject.com/area/111442242/velvet-elvis,"36.1466, -115.42677"
E Face,https://www.mountainproject.com/area/115004550/east-face,"36.12301, -115.49265"
Mescalito,https://www.mountainproject.com/area/105732159/mescalito,"36.12311, -115.49467"
Church,https://www.mountainproject.com/area/112801228/the-church,"36.17003, -115.42489"
Shipwreck,https://www.mountainproject.com/area/108704226/the-shipwreck,"36.14789, -115.42971"
Beach,https://www.mountainproject.com/area/106935022/the-beach,"36.16523, -115.44533"
Ashbrow,https://www.mountainproject.com/area/122199524/the-ashbrow,"36.16214, -115.43519"
Kraft Crags,https://www.mountainproject.com/area/107384636/kraft-crags,"36.16129, -115.41725"
Grindhouse,https://www.mountainproject.com/area/106504533/the-grindhouse,"36.16529, -115.45276"
Ranch Hands Crag,https://www.mountainproject.com/area/111773883/ranch-hands-crag,"36.1504, -115.4261"
Owl's Den,https://www.mountainproject.com/area/111835215/the-owls-den,"36.1581, -115.43399"
Kragle,https://www.mountainproject.com/area/117060507/the-kragle,"36.16158, -115.43571"
Chuck Wall,https://www.mountainproject.com/area/122638131/chuck-wall,"36.14778, -115.42868"
B&W Wall,https://www.mountainproject.com/area/118346228/bw-wall,"36.15794, -115.44033"
Numbers Crag,https://www.mountainproject.com/area/105912990/the-numbers-crag,"36.16667, -115.4543"
Playground (AKA The Mall),https://www.mountainproject.com/area/105915684/the-playground-aka-the-mall,"36.16133, -115.41245"
Bod Pod,https://www.mountainproject.com/area/116562335/the-bod-pod,"36.14608, -115.42468"
Mossy Ledges Area,https://www.mountainproject.com/area/106244633/mossy-ledges-area,"36.15925, -115.5009"
Observatory,https://www.mountainproject.com/area/105732174/the-observatory,"36.15597, -115.4373"
W Shoulder of Kraft,https://www.mountainproject.com/area/107046340/west-shoulder-of-kraft-mountain,"36.16154, -115.42578"
C.R.D.,https://www.mountainproject.com/area/114086006/the-crd,"36.14689, -115.42246"
Friar & Byrd Pinnacle,https://www.mountainproject.com/area/105914871/the-friar-and-byrd-pinnacle,"36.10394, -115.48544"
Wall of Death,https://www.mountainproject.com/area/112278226/wall-of-death,"36.15129, -115.43143"
Back Forty,https://www.mountainproject.com/area/106513153/the-back-forty,"36.15046, -115.42696"
Avian Wall,https://www.mountainproject.com/area/105892334/avian-wall,"36.1701, -115.4518"
Hidden Corridor,https://www.mountainproject.com/area/107037955/hidden-corridor,"36.16137, -115.44852"
Universal City,https://www.mountainproject.com/area/107527149/universal-city,"36.14724, -115.42684"
Cactus Corridor,https://www.mountainproject.com/area/121990506/cactus-corridor,"36.14691, -115.42791"
Circus Cliff,https://www.mountainproject.com/area/105811835/circus-cliff,"36.14686, -115.42907"
Sundial,https://www.mountainproject.com/area/114119359/the-sundial,"36.14675, -115.42727"
Your Wall,https://www.mountainproject.com/area/117016082/your-wall,"36.16083, -115.43538"
Hall of Fame,https://www.mountainproject.com/area/106063695/hall-of-fame,"36.16528, -115.44285"
Twinkie,https://www.mountainproject.com/area/118227578/the-twinkie,"36.16936, -115.45331"
Ghost Wall,https://www.mountainproject.com/area/109884740/ghost-wall,"36.14462, -115.42503"
Red Springs Rock Lower Tier,https://www.mountainproject.com/area/105944075/red-springs-rock-lower-tier-aka-jabba-the-hutt-rock,"36.14562, -115.42186"
Hide-and-Seek Crag,https://www.mountainproject.com/area/105938667/hide-and-seek-crag,"36.1532, -115.431"
Risk Brothers Cliff,https://www.mountainproject.com/area/123359824/risk-brothers-cliff,"36.14812, -115.42583"
Sandbox,https://www.mountainproject.com/area/107593916/the-sandbox,"36.15401, -115.43448"
Winter Heat Wall,https://www.mountainproject.com/area/105732129/winter-heat-wall,"36.16876, -115.42245"
Refrigerator Wall,https://www.mountainproject.com/area/105732189/refrigerator-wall,"36.1437, -115.49583"
Meat Puppets Wall,https://www.mountainproject.com/area/107028793/meat-puppets-wall,"36.14749, -115.42804"
Arena,https://www.mountainproject.com/area/108422633/the-arena,"36.15322, -115.43498"
Walrus,https://www.mountainproject.com/area/106038375/the-walrus,"36.1682, -115.455"
Tortuga Tower,https://www.mountainproject.com/area/114127495/tortuga-tower,"36.14518, -115.42732"
Black Hole,https://www.mountainproject.com/area/105926150/the-black-hole,"36.1461, -115.42647"
Case Face,https://www.mountainproject.com/area/105732144/the-case-face,"36.15819, -115.49937"
Strategic Arms Wall,https://www.mountainproject.com/area/108373997/strategic-arms-wall,"36.15817, -115.43429"
Ethics Wall,https://www.mountainproject.com/area/105928550/ethics-wall,"36.15179, -115.43737"
Satellite Wall,https://www.mountainproject.com/area/108581886/the-satellite-wall,"36.16945, -115.45193"
Enclaves white rock springs north,https://www.mountainproject.com/area/109488351/the-enclaves-and-white-rock-springs-north,"36.18047, -115.48647"
Upper Tier,https://www.mountainproject.com/area/118764550/upper-tier,"36.14217, -115.42131"
N Face,https://www.mountainproject.com/area/116681308/north-face,"36.03509, -115.46345"
Whiskey Peak,https://www.mountainproject.com/area/105732066/whiskey-peak,"36.0341, -115.4631"
Black Velvet Wall,https://www.mountainproject.com/area/105732162/black-velvet-wall,"36.03518, -115.46652"
La Fin Du Monde,https://www.mountainproject.com/area/118137002/la-fin-du-monde,"36.15481, -115.43163"
Little Springs Canyon,https://www.mountainproject.com/area/123818667/little-springs-canyon,"36.15372, -115.42574"
Chasm,https://www.mountainproject.com/area/109868560/the-chasm,"36.14524, -115.42518"
Newcastle Crag,https://www.mountainproject.com/area/105926113/newcastle-crag,"36.15122, -115.43254"
Willow Springs South,https://www.mountainproject.com/area/105732156/willow-springs-south,"36.15467, -115.49623"
Gnat Man Crag,https://www.mountainproject.com/area/105732138/gnat-man-crag,"36.15158, -115.42864"
Mud Spring Wing,https://www.mountainproject.com/area/111749770/mud-spring-wing,"36.02788, -115.46107"
Sandy Corridor,https://www.mountainproject.com/area/105887566/sandy-corridor,"36.16406, -115.44932"
Man's Best Friend Area,https://www.mountainproject.com/area/123844658/mans-best-friend-area,"36.16196, -115.44912"
Child's Play Wall,https://www.mountainproject.com/area/114114205/childs-play-wall,"36.14708, -115.4272"
Kitty Crag,https://www.mountainproject.com/area/105985828/kitty-crag,"36.15446, -115.43481"
Meister's Edge,https://www.mountainproject.com/area/105820512/meisters-edge,"36.15451, -115.4373"
Red Springs Rock,https://www.mountainproject.com/area/105732114/red-springs-rock,"36.14611, -115.42222"
Tuna & Chips Wall,https://www.mountainproject.com/area/105732042/tuna-and-chips-wall,"36.14846, -115.42939"
James Brown Area,https://www.mountainproject.com/area/105913899/james-brown-area,"36.16292, -115.44018"
Horseshoe Wall,https://www.mountainproject.com/area/105732186/horseshoe-wall,"36.09221, -115.48184"
Jessica's Wall,https://www.mountainproject.com/area/109868499/jessicas-wall,"36.14467, -115.42562"
Janes Wall,https://www.mountainproject.com/area/106585754/janes-wall,"36.15234, -115.4323"
California Crag,https://www.mountainproject.com/area/105818929/california-crag,"36.16118, -115.44733"
California 12a,https://www.mountainproject.com/area/105991689/california-12a,"36.15337, -115.43439"
Burns Wall,https://www.mountainproject.com/area/106742474/burns-wall,"36.167, -115.416"
Black Wall (aka Happy Acres),https://www.mountainproject.com/area/105732207/black-wall-aka-happy-acres,"36.15232, -115.43057"
Little Springs Crag,https://www.mountainproject.com/area/107047236/little-springs-crag,"36.15342, -115.42633"
Oasis,https://www.mountainproject.com/area/105915026/the-oasis,"36.14849, -115.42904"
Slab,https://www.mountainproject.com/area/107910082/the-slab,"36.14878, -115.43033"
Great Red Book Area,https://www.mountainproject.com/area/105732120/the-great-red-book-area,"36.15544, -115.43461"
Jungle Wall,https://www.mountainproject.com/area/106052594/jungle-wall,"36.11776, -115.48996"
Straight Shooter Wall,https://www.mountainproject.com/area/105732060/straight-shooter-wall,"36.1268, -115.48806"
Cowlick Crag,https://www.mountainproject.com/area/105917681/cowlick-crag,"36.15204, -115.42795"
Secret 13 Wall,https://www.mountainproject.com/area/105948343/the-secret-13-wall,"36.17073, -115.45045"
Amusement Park,https://www.mountainproject.com/area/108563769/amusement-park,"36.14941, -115.43047"
Iron Man Wall,https://www.mountainproject.com/area/106222686/iron-man-wall,"36.15189, -115.4321"
Hidden Falls Wall,https://www.mountainproject.com/area/105732117/hidden-falls-wall,"36.15575, -115.4976"
Magic Bus,https://www.mountainproject.com/area/105732027/magic-bus,"36.15337, -115.43547"
Classic Rock Wall,https://www.mountainproject.com/area/122003508/classic-rock-wall,"36.14572, -115.42813"
Meetup Wall,https://www.mountainproject.com/area/107151123/meetup-wall,"36.15699, -115.43644"
Cactus Massacre,https://www.mountainproject.com/area/114114376/cactus-massacre,"36.14687, -115.42762"
Mass Production Wall,https://www.mountainproject.com/area/105865597/the-mass-production-wall,"36.1644, -115.44322"
Cut Your Teeth Crag,https://www.mountainproject.com/area/105864749/cut-your-teeth-crag,"36.1534, -115.43171"
Guardian Angel Pass,https://www.mountainproject.com/area/123840354/guardian-angel-pass,"36.15211, -115.42897"
J Wall,https://www.mountainproject.com/area/107959330/the-j-wall,"36.15031, -115.43086"
Family Crag,https://www.mountainproject.com/area/105991175/family-crag,"36.16368, -115.41321"
Hamlet,https://www.mountainproject.com/area/106118838/the-hamlet,"36.15055, -115.43111"
Lower Tier,https://www.mountainproject.com/area/118764538/lower-tier,"36.14202, -115.42093"
Moderate Mecca,https://www.mountainproject.com/area/105732021/moderate-mecca,"36.14212, -115.42055"
Tiger Stripe Wall,https://www.mountainproject.com/area/105732048/tiger-stripe-wall,"36.14801, -115.43051"
Panty Wall,https://www.mountainproject.com/area/105732045/panty-wall,"36.14964, -115.4299"
Hunter S Thompson Dome,https://www.mountainproject.com/area/105732051/hunter-s-thompson-dome,"36.15631, -115.43649"
Lower Level,https://www.mountainproject.com/area/109924309/lower-level,"36.15536, -115.4361"
Ultraman Wall,https://www.mountainproject.com/area/105732123/ultraman-wall,"36.15151, -115.43125"
Civilization Crag,https://www.mountainproject.com/area/106686385/civilization-crag,"36.14543, -115.42639"
Upper Level,https://www.mountainproject.com/area/109924317/upper-level,"36.15581, -115.43621"
Dog Wall,https://www.mountainproject.com/area/105732039/dog-wall,"36.14745, -115.42927"
Conundrum Crag,https://www.mountainproject.com/area/105991270/conundrum-crag,"36.16322, -115.41317"
Stone Wall,https://www.mountainproject.com/area/105820170/stone-wall,"36.1558, -115.437"
Holiday Wall,https://www.mountainproject.com/area/105892351/holiday-wall,"36.16286, -115.44137"
Calico Tanks Area,https://www.mountainproject.com/area/122201765/calico-tanks-area,"36.16664, -115.44831"
Dante's Wall,https://www.mountainproject.com/area/109868589/dantes-wall,"36.14497, -115.42471"
Pier,https://www.mountainproject.com/area/105811843/the-pier,"36.1607, -115.44627"
Coco Crag,https://www.mountainproject.com/area/105942199/coco-crag,"36.14645, -115.42297"
Wake-Up Wall,https://www.mountainproject.com/area/105884630/the-wake-up-wall,"36.16724, -115.45361"
Wake Up Wall Area,https://www.mountainproject.com/area/122157961/wake-up-wall-area,"36.1671, -115.4539"
Sweet Pain Wall,https://www.mountainproject.com/area/105732033/sweet-pain-wall,"36.15597, -115.43663"
Stratocaster Area,https://www.mountainproject.com/area/105813478/stratocaster-area,"36.15852, -115.4401"
Tsunami Wall,https://www.mountainproject.com/area/105808853/tsunami-wall,"36.15177, -115.43311"
Cannibal Crag,https://www.mountainproject.com/area/105732024/cannibal-crag,"36.14903, -115.42296"
Cannabis Crag,https://www.mountainproject.com/area/106060602/cannabis-crag,"36.16728, -115.4179"
Front Corridor,https://www.mountainproject.com/area/105821396/front-corridor,"36.16234, -115.4495"
Fringe,https://www.mountainproject.com/area/107611933/the-fringe,"36.16162, -115.43509"
Ash Canyon,https://www.mountainproject.com/area/123840084/ash-canyon,"36.16201, -115.43425"
Trophy Wall,https://www.mountainproject.com/area/105944699/the-trophy-wall,"36.17034, -115.45158"
Trophy Area,https://www.mountainproject.com/area/122199256/the-trophy-area,"36.17069, -115.45217"
Wall of Confusion,https://www.mountainproject.com/area/105808903/wall-of-confusion,"36.15702, -115.43904"
Alternative Crag,https://www.mountainproject.com/area/106421486/alternative-crag,"36.15633, -115.43093"
Sunny & Steep,https://www.mountainproject.com/area/105732132/sunny-and-steep,"36.16986, -115.42321"
Kraft Mtn Area,https://www.mountainproject.com/area/114280460/kraft-mountain-area,"36.15678, -115.42101"
Gallery,https://www.mountainproject.com/area/105731999/the-gallery,"36.15672, -115.43841"
Sonic Youth Cliff,https://www.mountainproject.com/area/105813459/sonic-youth-cliff,"36.16587, -115.45318"
Running Man Wall,https://www.mountainproject.com/area/105732069/running-man-wall,"36.16016, -115.4423"
Parking Lot Area,https://www.mountainproject.com/area/115123184/parking-lot-area,"36.1622, -115.45008"
